k,n,levels,smoother,cycle,omega,preSweeps,postSweeps,cycles,finalResidual,finalError,convFactor,timeMs
6,65,6,Jacobi,V-cycle,1,2,2,50,0.29912,0.0064263,0.888266,5.00524
6,65,6,Jacobi,W-cycle,1,2,2,50,0.29912,0.0064263,0.971462,7.63157
6,65,6,Weighted-Jacobi,V-cycle,0.8,2,2,16,2.01239e-09,0.0064263,0.191081,1.61681
6,65,6,Weighted-Jacobi,W-cycle,0.8,2,2,10,1.35185e-09,0.0064263,0.0750724,1.32866
6,65,6,Gauss-Seidel,V-cycle,1,2,2,11,2.89431e-09,0.0064263,0.0935529,3.71198
6,65,6,Gauss-Seidel,W-cycle,1,2,2,7,2.98254e-09,0.0064263,0.0363383,2.643
6,65,6,SOR,V-cycle,1.5,2,2,16,7.12474e-09,0.0064263,0.208093,4.52571
6,65,6,SOR,W-cycle,1.5,2,2,16,6.44344e-09,0.0064263,0.207861,5.88812
4,17,4,Gauss-Seidel,V-cycle,1,2,2,10,2.60796e-09,0.0257517,0.0832367,0.124556
5,33,5,Gauss-Seidel,V-cycle,1,2,2,11,1.08801e-09,0.0128572,0.0909859,0.672605
6,65,6,Gauss-Seidel,V-cycle,1,2,2,11,2.89431e-09,0.0064263,0.0935529,3.27878
7,129,7,Gauss-Seidel,V-cycle,1,2,2,11,6.28065e-09,0.00321286,0.0943028,14.3779
8,257,8,Gauss-Seidel,V-cycle,1,2,2,12,3.11964e-09,0.00160639,0.102977,80.3227
7,129,1,Gauss-Seidel,V-cycle,1,2,2,50,0.000363676,0.00319444,0.739916,5446.55
7,129,2,Gauss-Seidel,V-cycle,1,2,2,22,3.76666e-09,0.00321286,0.299282,543.872
7,129,3,Gauss-Seidel,V-cycle,1,2,2,8,1.74159e-09,0.00321286,0.0389069,44.8551
7,129,4,Gauss-Seidel,V-cycle,1,2,2,8,9.05269e-09,0.00321286,0.0499896,15.0716
7,129,5,Gauss-Seidel,V-cycle,1,2,2,9,8.15827e-09,0.00321286,0.0612851,11.8161
7,129,6,Gauss-Seidel,V-cycle,1,2,2,11,3.88592e-09,0.00321286,0.0908033,13.5907
7,129,7,Gauss-Seidel,V-cycle,1,2,2,11,6.28065e-09,0.00321286,0.0943028,13.1434
